Campaign_ID,Campaign Id,Date,Platform,Country,Ad_Format,Impressions,Clicks,Spend_USD,SpendUSD,Conversions,CTR,Revenue_USD,Notes,utm_source
CAMP016,,6/16/2024, Instagram ,CA,Image,3831,99,50.07,,4,4.82%,,top performer,cpc
CAMP027,Camp027,1/11/2024,Instagram,US,Image,8521,209,,7636.43,12,1.95%,8521.23,,email
,,21-09-2024,LinkedIn,DE,Video,5795,224,908.64,,19,3.08%,6068.56,top performer,cpc
CAMP028,,7/11/2024,Google ads,FR,Carousel,"7,590",7,6.59,,1,,49.99,,cpc
,,12/1/2024, Google Ads ,DE,Carousel,21553,-299,0,,0,3.95%,,needs review,email
,,1/19/2024,Google ads,FR,VIDEO,5645,114,139.08,,17,4.68%,,needs review,cpc
,Camp006,2/2/2024,Linkedin,AU,Text,6605,146,419.13,,7,,2762.83,top performer,cpc
,,8/17/2024,Google Ads,P.H.,Video,11209,N/A,0,,0,1.89%,0,,referral
CAMP005,Camp005,2/4/2024, TikTok , US , Img ,38059,858,542.19,,19,,,  trailing spaces  ,referral
CAMP014,,9/5/2024,  TikTok,FR,Text,19412,119,53.25,,,2.22%,,needs review,referral
CAMP002,,4/1/2024,google ads,IN,Carousel,1468400,-32487,,0,0,1.93%,,,cpc
CAMP018,,6/14/2024,Instagram,CA,Text,14866,280,132.27,,27,,,needs review,referral
,Camp010,2/13/2024,Google ads,US,Video,21613,212,8839.1,,31,2.93%,,,social
,,1/4/2024,Google Ads,FR,Text,3947,116,,85.35,18,0.54%,,needs review,cpc
CAMP024,,1/30/2024,TikTok,CA,Carousel,4612,154,91.1,,24,1.17%,396.36,,email
CAMP022,,28-03-2024, facebook ,france,Text,15381,676,,462.88,109,,,,cpc
CAMP008,,8-May-24,Google Ads,AU,Image,78092,2129,2188.93,,,,,,email
,Camp001,10/3/2024,Google Ads,United States,Image,"1,084",4,,3.94,0,3.47%,,needs review,
,,9/24/2024,TikTok, PH ,image,33155,N/A,0,,0,2.77%,0,top performer,cpc
CAMP017,,12/18/2024,LinkedIn,DE, Img ,8761,139,522.65,,6,0.66%,,top performer,email
,,7/27/2024,TikTok, PH ,Image,14967,330,,225.24,51,4.46%,,needs review,social
CAMP019,,9/12/2024,Instagram,AU,VIDEO,7318,53,37.79,,9,3.23%,,,cpc
CAMP023,,30-12-2024,Facebook,AU,Image,20593,709,,350.5,123,3.48%,525.05,top performer,referral
,Camp019,4/20/2024,Instagraam,PH,Image,29089,677,,353.07,65,,456.7,top performer,cpc
,,4/7/2024,Facebook,de,Carousel,13725,336,,176.69,45,1.88%,,top performer,cpc
CAMP010,,8/3/2024, GOOGLE ADS , DE ,Carousel,15128,600,588.96,,50,5.59%,,ðŸš€,cpc
,Camp023,23-May-24,Facebook, de ,Carousel,25916,538,397.96,,,2.21%,,,cpc
CAMP025,Camp025,1/2/2024,LinkedIn,IN,Text,17733,226,,1097.63,14,2.74%,,,email
CAMP022,Camp022,4/25/2024,LinkedIn,de,Video,5111,141,736.67,,24,1.18%,1678.31,  trailing spaces  ,referral
CAMP017,,11/6/2024,Facebook, AU , Img ,7266,191,,125.22,4,,447.9,needs review,cpc
CAMP024,,27-Sep-24,LinkedIn,CA,VIDEO,4901,52,225.25,,2,2.73%,,needs review,social
CAMP020,,1/21/2024,TikTok,FR,Carousel,8519,231,107.8,,24,0.54%,,top performer,cpc
,,10/11/2024,LinkedIn,PH,Image,4410,118,589.35,,,2.08%,3947.63,top performer,referral
CAMP002,,4/10/2024,TikTok,PH,image,6278,163,93.46,,12,5.65%,,,
,,1/12/2024,google ads,AU,Image,7717,189,,150.38,13,3.48%,,,social
CAMP016,,18-06-2024,TikTok,P.H.,image,8507,182,,69.97,,3.73%,,,email
CAMP012,,9/26/2024,google ads,US,Text,14990,261,183.75,,47,4.12%,,,email
CAMP006,,1/8/2024,TikTok,FR,Video,7813,150,,101.86,16,5.51%,,,social
CAMP003,,5/21/2024, GOOGLE ADS ,  AU  ,Video,25336,141,90.43,,8,3.85%,,top performer,social
CAMP006,,4/17/2024,Instagram,AU,Image,12831,349,289.6,,51,0.24%,,,cpc
CAMP020,,7/22/2024,Instagraam,FR,Carousel,6540,68,40.11,,9,5.37%,,ðŸš€,social
CAMP028,,1/6/2024,TikTok, IN , Img ,5389,22,,15.28,2,3.17%,,,referral
CAMP008,,8/7/2024,FACEBOOK,UK,Carousel,1900600,50134,48592.53,,3866,,,,social
CAMP024,,9/24/2024,TikTok,United States,Carousel,17432,524,218.45,,68,1.91%,,  trailing spaces  ,cpc
,,3/2/2024,google ads, france ,Video,12468,338,,359.87,17,4.98%,2327.73,  trailing spaces  ,referral
CAMP020,,7/20/2024,TikTok, U S ,image,8825,244,147.5,,37,1.33%,,ðŸš€,social
,,10/3/2024,Facebook,FR,Text,3131,53,32.36,,7,5.30%,,needs review,
CAMP014,,3/24/2024,google ads,DE,Video,3036,56,56.52,,8,3.31%,,top performer,cpc
CAMP010,,4/27/2024,LinkedIn,AU,Text,11427,363,,1693.18,10,,,top performer,social
CAMP008,Camp008,7/2/2024,Google ads,DE,Image,8665,128,,99.11,12,,,,cpc
CAMP023,,24-01-2024,FACEBOOK,United States,Text,3638,77,54.5,,15,3.14%,,,social
,,4/4/2024, LinkedIn ,UK,Carousel,"21,506",-321,,0,,,0,,email
CAMP001,,5/2/2024,Instagram,DE,Image,20460,321,157.8,,,0.47%,,top performer,email
CAMP012,,12/16/2024, TikTok ,FR,image,47838,1348,784.69,,128,1.69%,,,cpc
CAMP002,Camp002,7/21/2024, LinkedIn ,DE,Text,"29,055",406,1321.98,,22,3.77%,,,social
,,2/19/2024,Facebook,PH,VIDEO,2170,12,,8.86,,3.68%,56.06,,cpc
CAMP022,,6/7/2024,Google Ads,france,Video,12695,237,297.54,,32,,,,referral
,,3/14/2024,LinkedIn,CA, Img ,33301,1362,3974.91,,70,5.96%,,,cpc
CAMP028,Camp028,9/29/2024, Facebook ,PH,Video,25804,433,402.64,,41,5.00%,,,cpc
,,10/26/2024,Linkedin,AU,txt,42670,1019,3081.99,,140,3.65%,,,cpc
CAMP004,,1/4/2024, Google ads ,DE,Carousel,15595,80,72.39,,10,4.05%,,top performer,cpc
CAMP008,,11-Sep-24, LinkedIn ,UK,Carousel ,15343,142,462.57,,15,3.93%,2673.31,needs review,cpc
CAMP002,,1/30/2024, GOOGLE ADS , AU ,VIDEO,3367,56,63.08,,5,5.69%,,,social
CAMP017,,2/28/2024,Instagraam,CA,Video,2813,39,19.39,,7,,,needs review,cpc
,Camp025,11/12/2024, FACEBOOK ,UK,Image,"9,533",89,68.2,,15,0.67%,217.63,needs review,social
CAMP014,,24-May-24, Facebook ,AU,Text,8351,N/A,,0,0,2.48%,0,top performer,email
CAMP021,,12/9/2024,Instagram,DE,Text,12013,356,,206.73,14,5.71%,,,referral
CAMP014,,13-08-2024,FACEBOOK, FR ,Carousel,16402,567,,442.75,29,3.77%,2640.51,needs review,email
,,7/27/2024,TikTok, PH ,Image,14967,330,,225.24,51,4.46%,,needs review,social
CAMP023,,9/5/2024,LinkedIn,P.H.,Text,35209,97,,328.71,2,4.94%,1680.79,ðŸš€,
CAMP016,,7/6/2024,Facebook,in ,txt,2259,71,50.65,,3,3.80%,,,cpc
CAMP020,Camp020,2/2/2024, GOOGLE ADS ,UK,Image,12340,467,384.93,,51,2.25%,,,social
CAMP020,Camp020,2/2/2024, GOOGLE ADS ,UK,Image,12340,467,384.93,,51,2.25%,,,social
CAMP015,,2/19/2024,Linkedin, FR ,Image,1211,27,,103.27,,4.54%,,,social
CAMP016,,3/16/2024,  TikTok,CA,Text,26719,699,,447.56,126,1.21%,447.83,,social
CAMP018,,10/30/2024,Instagram,UK,VIDEO,5396,104,53.97,,5,3.83%,273.66,needs review,referral
CAMP017,,4/14/2024,Linkedin,PH,VIDEO,12900,277,1121.74,,53,,,,email
CAMP019,,4/27/2024,Facebook,United States,Image,20925,N/A,,0,0,4.92%,0,,email
,Camp020,2/10/2024,LinkedIn,US,Text,8044,222,826.15,,23,3.49%,,needs review,email
CAMP017,,9/10/2024,Google Ads,DE,Carousel,440200,10287,10575.31,,,,,top performer,cpc
,,11/7/2024,Google ads,FR,Video,11523,59,65.84,,8,4.40%,,,cpc
CAMP030,,11/26/2024,Google ads,UK,Image,11209,326,399.94,,11,,,,email
,Camp028,9/27/2024,Facebook, DE ,VIDEO,14031,216,185.82,,35,4.24%,,,social
CAMP007,,7/7/2024,TikTok,FR,Image,30333,495,,214.58,24,,,,social
CAMP018,,7/25/2024,Instagraam,UK,video,4407,89,69.31,,17,0.59%,,,cpc
,,1/7/2024,Facebook, IN ,Carousel ,3200,73,,62.67,6,,,ðŸš€,email
CAMP004,,12/3/2024,FACEBOOK,United States,txt,7321,102,55.86,,17,,170.41,top performer,cpc
,Camp025,7/1/2024, Linkedin ,UK,Carousel ,14810,371,,1376.24,,4.46%,6238.33,ðŸš€,email
,,12/19/2024,LinkedIn,AU,Video,26476,N/A,0,,0,5.65%,0,  trailing spaces  ,social
,,17-Jul-24, GOOGLE ADS , U S ,Text,5074,74,48.34,,2,1.07%,,,referral
CAMP012,,5/21/2024,Linkedin,AU,VIDEO,"1,826",26,,124.92,0,0.99%,,  trailing spaces  ,cpc
,,10/11/2024,LinkedIn,PH,Image,4410,118,589.35,,,2.08%,3947.63,top performer,referral
,Camp019,3/26/2024, google ads ,FR,Carousel,23448,492,365.96,,15,3.62%,2646.35,top performer,cpc
,,7/6/2024, TikTok ,CA,Carousel,13775,125,53,,5,5.19%,,,
CAMP025,,17-Feb-24,Google Ads,CA,Carousel,3655,89,61.53,,7,2.01%,,,cpc
CAMP019,Camp019,27-Dec-24,Facebook,DE,Text,15101,367,275.66,,60,,,needs review,email
CAMP015,,1/22/2024,Google Ads,US,Carousel,27549,340,407.12,,44,4.71%,3215.86,,social
CAMP012,,2/5/2024,LinkedIn,DE, Img ,2156,17,49.15,,3,,,  trailing spaces  ,social
CAMP030,,11/26/2024,Google ads,UK,Image,11209,326,399.94,,11,,,,email
,,10/9/2024,TikTok, CA , Img ,22742,1340,702.16,,182,5.94%,,,email
CAMP025,,17-07-2024,Google Ads,DE,Image,13439,247,187.37,,,0.65%,1393.49,,email
,Camp015,3/16/2024,  TikTok,FR,Video,"3,881",56,33.83,,7,0.82%,197.6,,social
CAMP014,,8/25/2024, GOOGLE ADS ,PH,Video,13898,200,157.89,,39,2.06%,314,,email
CAMP015,,11/16/2024,Facebook, in  ,Carousel,"29,364",550,,294.84,86,5.88%,,needs review,referral
CAMP007,Camp007,5/26/2024,FACEBOOK,usa,image,6484,202,159.79,,31,0.26%,1144.78,,cpc
CAMP005,Camp005,4/22/2024,Google ads,US,Carousel,11374,148,,97.08,26,2.96%,,,email
,Camp028,17-08-2024,Instagram,in ,Carousel,6714,180,154.51,,10,,656.13,ðŸš€,email
CAMP009,,8/27/2024, LinkedIn ,FR,Image,"7,390",278,1014.24,,15,3.68%,,top performer,cpc
CAMP012,,3/18/2024,Linkedin, UK ,Image,10832,234,1281,,9,0.29%,,,
CAMP004,Camp004,5/9/2024,Google Ads,CA,Text,24970,490,501.51,,79,0.59%,2139.19,top performer,referral
CAMP021,,6/29/2024,Google Ads,DE,Video,22669,685,702.55,,97,,4541.96,top performer,cpc
,Camp022,7/1/2024,FACEBOOK,FR,Video,11988,337,284.7,,20,2.44%,,,cpc
CAMP011,,7/10/2024,  TikTok,UK,Text,6383,176,100.72,,11,4.15%,,needs review,social
,,6/15/2024,Instagram,AU,Image,11662,268,,184.56,10,5.77%,,needs review,referral
CAMP011,,5/6/2024,Google ads,US,Text,12535,109,133.97,,21,4.70%,,top performer,referral
CAMP008,,2/4/2024, Google Ads ,de,Image,32864,733,519.8,,138,1.67%,,,email
CAMP015,Camp015,4/11/2024,  TikTok,CA,txt,"2,719",37,20.26,,5,1.56%,77.19,,cpc
,,6/2/2024,TikTok, U S ,Text,"3,588",48,,19.54,7,1.52%,,,cpc
CAMP026,Camp026,5/18/2024,LinkedIn,FR,Carousel,26198,454,,2185.92,19,5.53%,,,
CAMP010,,27-03-2024,FACEBOOK,PH,Image,26223,317,181.72,,55,2.15%,276.23,top performer,email
,,1-Dec-24,TikTok,in ,Video,7337,39,788.17,,,3.78%,918.03,,email
CAMP020,,10/5/2024,Linkedin,FR,Carousel,11956,273,1519.01,,14,3.38%,6768.04,,social
CAMP017,,11/21/2024,Facebook,UK,video,1408,34,18.49,,2,3.70%,,,cpc
CAMP009,Camp009,3/8/2024,Facebook,US,image,522,N/A,0,,0,,,,cpc
CAMP025,,10/24/2024,Instagram,US,Video,10016,144,87.32,,,5.51%,,top performer,cpc
CAMP015,,11/23/2024,Linkedin,United States,Carousel ,3167,95,,301.55,18,,,,cpc
CAMP017,,11/6/2024,Facebook, AU , Img ,7266,191,,125.22,4,,447.9,needs review,cpc
,Camp020,3/10/2024,Instagram,US,Video,20840,467,,285.32,71,4.54%,1569.63,,
CAMP009,,10/31/2024,Instagram, U S ,Image,20998,73,,41.49,3,4.11%,,,cpc
,,7-Nov-24, Instagraam ,france,Video,"31,309",348,227.83,,60,2.07%,1007.91,,referral
,,30-08-2024,Instagram,CA,Image,19110,135,72.99,,25,5.37%,,,
CAMP010,Camp010,7/19/2024,Google ads,FR,txt,7182,161,,154.64,24,,,,social
CAMP003,,3/1/2024,LinkedIn,CA,image,49808,189,,711.65,32,1.77%,4530.09,,referral
CAMP019,,8-Mar-24, GOOGLE ADS ,AU,Text,14160,247,,220.57,11,,,,cpc
CAMP008,Camp008,4/3/2024,google ads,FR,Carousel,18221,560,434.45,,39,1.79%,2827.62,,referral
CAMP024,,2/27/2024,Linkedin,IN,Video,15179,244,1069.95,,10,5.10%,,ðŸš€,email
CAMP030,,6/3/2024,Instagram,AU,Carousel,15716,118,95.8,,9,4.37%,548.63,,social
,,1/11/2024, Google Ads ,IN,Text,4071,89,109.74,,9,,,top performer,
CAMP008,,11-Sep-24, LinkedIn ,UK,Carousel ,15343,142,462.57,,15,3.93%,2673.31,needs review,cpc
CAMP028,,1/14/2024,LinkedIn,FR,Carousel,18061,360,,1038.59,34,5.26%,7648.44,top performer,referral
,,9/13/2024,  TikTok,CA,Carousel,52133,1189,,791.83,183,,,,cpc
,,29-Mar-24, Google ads , AU ,Carousel,10989,285,306.97,,40,5.69%,,,cpc
CAMP015,Camp015,28-Jul-24,TikTok,PH,Video,10312,N/A,0,,0,2.96%,,ðŸš€,
CAMP022,,3/14/2024,   TikTok ,CA,Video,1529,12,5.16,,0,1.47%,31.69,top performer,cpc
CAMP011,,31-Mar-24,Instagraam,PH,Image,50859,466,362.05,,73,2.23%,,needs review,cpc
CAMP014,,6/12/2024,Instagraam,AU,txt,"20,358",530,265.7,,,1.69%,394.22,top performer,cpc
CAMP026,,4/16/2024,LinkedIn,IN, Img ,5014,19,,84.13,1,3.06%,,,social
CAMP011,Camp011,10/22/2024,Linkedin,IN,Text,5539,94,,480.35,9,1.74%,2933.9,needs review,referral
,Camp014,3-Jun-24,TikTok, U S ,image,393100,N/A,0,,0,0.51%,,,email
CAMP021,Camp021,8/30/2024,Facebook,United States,Image,14380,246,208.3,,18,3.20%,1202.01,,cpc
CAMP025,,6/29/2024,  TikTok,United States,Image,6861,236,156.5,,22,,681.15,needs review,cpc
CAMP026,Camp026,5/18/2024,LinkedIn,FR,Carousel,26198,454,,2185.92,19,5.53%,,,
CAMP008,,9/11/2024,FACEBOOK, U S , Img ,15932,335,,204.69,31,3.30%,410.89,needs review,cpc
,,7/27/2024,  TikTok,United States,Carousel,5358,69,,30.11,3,2.58%,,,email
CAMP003,,11/17/2024,Google ads, U S ,Carousel,46412,974,,1072.55,31,0.41%,,top performer,social
CAMP001,,25-Oct-24,Google Ads,IN,Carousel,54331,1770,1396.05,,249,,,needs review,social
,Camp012,7/18/2024,facebook, United States ,Text,2064,36,29.04,,7,1.82%,,needs review,social
CAMP010,,8/10/2024,TikTok,US,Text,6515,55,23.11,,10,0.45%,,top performer,referral
CAMP030,,2/20/2024,Facebook,AU,VIDEO,15333,355,181.89,,55,5.74%,,,email
CAMP022,,6/19/2024,google ads,AU,Image,13314,254,,13745.37,22,3.33%,,needs review,cpc
CAMP010,,8/11/2024,Instagram,UK,Image,30506,335,210.73,,45,5.50%,,,email
CAMP023,,11/4/2024,Facebook,DE,Image,2099300,55700,32159.24,,2906,5.19%,77521.34,needs review,cpc
,,10/3/2024,Facebook,FR,Text,3131,53,32.36,,7,5.30%,,needs review,
CAMP014,,30-May-24,TikTok,AU,VIDEO,17030,82,55.63,,12,4.86%,,,cpc
CAMP027,,1/13/2024, google ads ,DE, Img ,36260,619,735.92,,40,,,top performer,social
,,2/2/2024,Instagraam,DE,Video,7171,91,52.52,,,2.40%,,,
CAMP011,,10/3/2024,Instagraam,DE,txt,4055,159,86.43,,12,5.65%,,  trailing spaces  ,social
CAMP019,,3/19/2024,FACEBOOK,IN,Carousel,16029,493,347.32,,84,3.43%,,ðŸš€,email
,Camp002,3/25/2024,Google Ads,US,Image,7081,7,,5.11,,2.58%,37.08,needs review,social
CAMP029,,1/28/2024,Google Ads,UK,Carousel,13755,437,391.83,,,4.88%,1551.31,top performer,social
,,2/19/2024,  TikTok,US, Img ,8814,35,15.39,,6,5.65%,,  trailing spaces  ,social
CAMP011,,19-02-2024,Facebook,US,Image,5281,56,,33.08,,0.35%,,top performer,referral
,,3/6/2024,Linkedin,UK,Video,15027,275,929.11,,38,0.66%,4522.94,top performer,social
CAMP017,Camp017,4/22/2024,LinkedIn,CA,video,9245,92,478.9,,12,3.56%,,top performer,social
CAMP006,,1/23/2024,Linkedin,CA,Image,7616,124,638.26,,12,,3920.48,needs review,cpc
CAMP010,,30-12-2024, GOOGLE ADS ,FR, Img ,"15,391",-126,0,,,,,top performer,social
,,11/4/2024, GOOGLE ADS ,UK,Carousel,9230,135,105.62,,19,1.29%,,,cpc
CAMP011,,5/5/2024,  GOOGLE ADS  ,United States,Image,8947,180,185.05,,20,4.55%,710.74,,social
CAMP006,Camp006,23-Dec-24,Google Ads,IN,Text,8813,231,,233.66,43,2.92%,,,social
CAMP027,,6/9/2024,TikTok,france,Carousel,8716,163,83.81,,12,5.90%,528.24,ðŸš€,social
,Camp009,3/2/2024,TikTok, U S , Img ,2619,48,19.5,,1,5.50%,,top performer,cpc
,,12/13/2024,Instagraam, france ,Video,7136,48,,25.24,,1.77%,,top performer,referral
CAMP025,,8/10/2024,Google Ads,US,Video,24788,635,,457.49,91,0.36%,1690.6,,cpc
,,3/8/2024,LinkedIn,FR, Img ,20087,217,1130.07,,7,1.77%,,top performer,email
CAMP004,,3/7/2024, GOOGLE ADS ,de,Carousel,21871,346,379.59,,43,1.93%,2241.94,,email
,,31-05-2024,Facebook, PH ,VIDEO,6719,148,78.93,,26,,550.22,top performer,
CAMP002,,5/30/2024,Linkedin,usa,Carousel,22079,219,826.88,,13,2.88%,,,cpc
CAMP012,Camp012,10/11/2024,Instagram,PH,Image,33620,468,297.34,,19,2.92%,2069.91,needs review,
CAMP023,Camp023,10/28/2024,FACEBOOK,UK,Carousel,2896,70,36.85,,,2.99%,,needs review,email
CAMP016,,6/26/2024,TikTok,P.H.,Carousel,5488,135,84.92,,22,2.50%,,,cpc
CAMP004,,10/27/2024,google ads,AU,Carousel,3739900,134616,128857.06,,16356,5.33%,,,social
,,4/5/2024, GOOGLE ADS ,FR,Carousel,5057,59,64.2,,8,,385.88,top performer,email
CAMP023,,9/8/2024,Google Ads,AU,Video,3416,48,34.04,,8,0.49%,118.64,needs review,social
,,4/10/2024, facebook , UK ,Image,"33,334",368,17705.52,,66,0.85%,,,referral
CAMP016,,3/16/2024,  TikTok,CA,Text,26719,699,,447.56,126,1.21%,447.83,,social
,,8/9/2024,Instagram,AU,txt,3399,98,,74.54,4,5.68%,,,email
,,1-Jul-24,LinkedIn,AU,Text,6623,185,790.15,,,3.97%,,needs review,social
,,2/19/2024,  TikTok,US, Img ,8814,35,15.39,,6,5.65%,,  trailing spaces  ,social
CAMP015,,1/23/2024,Google Ads,IN,Video,7060,126,138.09,,7,3.14%,,needs review,social
CAMP008,,10/18/2024,Facebook,IN, Img ,16268,276,136.05,,35,,,top performer,email
,,3/14/2024,LinkedIn,CA, Img ,33301,1362,3974.91,,70,5.96%,,,cpc
,,2/24/2024,LinkedIn,AU,Video,16883,513,1809.49,,95,4.47%,,needs review,cpc
CAMP003,,19-04-2024,Instagraam,United States,Carousel,3386,86,61.36,,2,4.79%,,  trailing spaces  ,email
CAMP007,,3/26/2024,Facebook,DE,Text,1679,10,9.32,,1,3.37%,,needs review,social
CAMP025,,9/19/2024,LinkedIn,in ,Carousel,89002,1002,,4756.25,25,3.71%,,top performer,email
CAMP011,,23-Dec-24,Facebook,in ,Carousel ,9339,341,207.99,,,4.98%,,top performer,cpc
CAMP006,,11/6/2024,Facebook,FR,Carousel,5455,116,88.41,,7,1.54%,,,cpc
,,12/26/2024, LinkedIn ,CA,image,18000,514,2091.57,,59,3.44%,,,cpc
CAMP014,,14-07-2024, GOOGLE ADS ,in ,Carousel,13372,193,,242.79,17,1.27%,,needs review,referral
CAMP017,,17-Oct-24,Google ads,PH,Image,4302,50,,42.44,3,1.99%,107.3,,email
CAMP004,,4/5/2024,TikTok,IN,Text,19333,-332,0,,0,1.23%,,ðŸš€,
CAMP020,,4/15/2024,TikTok,CA,Image,1782,15,,6.7,1,,,needs review,email
CAMP011,,11/16/2024,Instagram,DE,Image,12823,12,6.1,,0,4.44%,,,social
CAMP012,,9/26/2024,google ads,US,Text,14990,261,183.75,,47,4.12%,,,email
CAMP004,,5/14/2024,LinkedIn,DE,Text,5895,5,15.59,,0,5.71%,,needs review,referral
CAMP016,,7/31/2024,TikTok,IN, Img ,3891,115,69.78,,13,3.44%,,needs review,social
CAMP011,,12/21/2024, Linkedin ,PH,VIDEO,17463,656,3435.13,,57,1.62%,7575.62,,social
CAMP029,,1/22/2024,Google Ads,FR,VIDEO,1619,38,,37.57,6,4.80%,203.28,  trailing spaces  ,cpc
CAMP003,,27-Feb-24,TikTok,DE,Text,15001,170,117.16,,8,2.11%,,,email
CAMP029,,7/1/2024,Facebook, AU ,Video,28837,775,700.01,,106,1.74%,872.6,top performer,cpc
CAMP010,Camp010,12/13/2024,Facebook,IN,Text,27364,400,312.9,,50,4.26%,2458.39,,social
CAMP022,,3/12/2024,Facebook,IN,Carousel,8468,235,133.65,,11,2.36%,,needs review,social
CAMP011,,11/16/2024,Instagram,DE,Image,12823,12,6.1,,0,4.44%,,,social
CAMP018,,8/22/2024,Instagraam,US,Carousel ,21083,633,,532.41,33,2.42%,1713.04,top performer,referral
,,4/13/2024,FACEBOOK,de,Video,4894,4,3.61,,,5.19%,,needs review,cpc
CAMP013,Camp013,7/22/2024,Google ads,UK,Image,6992,193,190.5,,33,4.56%,,top performer,referral
CAMP007,,9/18/2024,LinkedIn,CA,Text,7153,196,,48800.58,14,5.39%,208900.65,top performer,social
,,2-Aug-24,LinkedIn,PH,txt,41106,698,2571.53,,139,4.72%,,,social
,Camp026,12/20/2024,Google Ads, PH ,video,967,24,29.14,,2,1.47%,151.84,top performer,cpc
CAMP005,,6/29/2024,Instagram,UK,Video,4867,61,,31.8,2,4.04%,,needs review,social
CAMP026,,7/7/2024,Instagram,US,Video,2432600,47400,39953.73,,2187,5.76%,,,referral
,,23-Sep-24,  TikTok,PH, Img ,4234,156,,83.31,30,,161.58,ðŸš€,
,,4/14/2024,LinkedIn,de,txt,31998,721,,2616.59,88,5.82%,,top performer,social
CAMP023,,8/4/2024,Instagraam,P.H.,txt,6349,135,,72.22,19,1.83%,,  trailing spaces  ,cpc
CAMP026,,9/30/2024,Facebook,FR,Carousel ,16438,440,,428.55,84,5.04%,3156.36,needs review,email
CAMP005,,10/7/2024,google ads, CA ,Text,7160,66,,83.08,1,5.09%,,,social
,Camp005,7/11/2024,Google Ads,P.H.,Carousel,9880,115,76.73,,21,,,top performer,referral
CAMP016,,11/20/2024, Google Ads ,AU,Carousel,6081,166,,166.42,,,,needs review,cpc
,,3/21/2024,TikTok,de,Text,40077,235,92.7,,25,,183.77,,referral
CAMP018,,5/7/2024,LinkedIn,DE,Carousel,15063,371,1634.35,,,4.69%,11362.25,top performer,email
CAMP004,,29-Feb-24,Google Ads, U S ,Video,5848,146,132.63,,3,6.00%,,ðŸš€,email
CAMP030,,28-Oct-24,Google Ads,AU,Carousel ,5039,141,104.14,,22,5.85%,,top performer,social
CAMP015,,11/24/2024,Instagraam,PH,Text,3113,100,,76.54,18,,,,cpc
CAMP010,,7/2/2024, Instagraam ,FR,Image,3249,48,33.75,,5,,,,
CAMP030,,11/20/2024,Google Ads, US ,Image,2743,51,33.63,,7,2.18%,121.54,  trailing spaces  ,cpc
,,10-Dec-24,Instagram,  AU  ,Video,9520,79,3102.56,,7,2.64%,,ðŸš€,social
CAMP013,,10/17/2024, LinkedIn ,AU,Video,29045,388,,1143.97,43,5.66%,2865.58,top performer,referral
CAMP027,,7/31/2024,TikTok,PH,Video,26784,560,372.81,,110,,,,email
CAMP007,,6/12/2024,Google Ads,DE,Image,3905400,85803,,94288.7,11682,3.06%,,,cpc
CAMP005,,11/5/2024,facebook,CA,Carousel,7854,7,5.61,,,,,,cpc
,,3/1/2024,FACEBOOK,DE,Carousel ,11005,117,96.16,,,1.80%,,,cpc
,,9/5/2024,LinkedIn,UK,Text,5349,114,373.9,,,5.99%,1050.91,,email
CAMP005,,6/8/2024,facebook,CA, Img ,"29,633",1051,890.34,,139,0.74%,,top performer,social
,,7/27/2024,  TikTok,United States,Carousel,5358,69,,30.11,3,2.58%,,,email
,,5/7/2024,Google ads,DE,Image,"22,093",586,580.27,,58,4.95%,,needs review,email
CAMP019,Camp019,7/15/2024,TikTok,FR,Carousel,"9,318",10,5.7,,1,2.69%,,needs review,referral
CAMP008,Camp008,11/14/2024,google ads,US,Text,9803,162,169.3,,4,3.77%,,,cpc
CAMP020,,1/22/2024,google ads, DE ,Carousel,16660,377,349.59,,50,4.99%,,top performer,cpc
CAMP024,,2/26/2024,Google Ads,US,Carousel,25459,352,,430.37,16,3.94%,2556.46,,email
,,21-08-2024, TikTok ,CA,Image,29177,831,437.36,,140,1.03%,3193.76,,social
,Camp012,7/5/2024, Google ads ,usa,Carousel,16279,272,230.76,,13,5.32%,1542.81,,cpc
CAMP012,,24-Aug-24,TikTok,DE,Text,11445,209,98.88,,,5.84%,326.32,needs review,referral
CAMP006,,5-Aug-24,Instagraam,AU,txt,22370,541,442.45,,66,5.14%,,ðŸš€,social
CAMP015,,27-Sep-24,Instagram, U S , Img ,35725,35,27.33,,4,5.69%,,,cpc
,,1/4/2024,Google Ads,FR,Text,3947,116,,85.35,18,0.54%,,needs review,cpc
CAMP010,,4/27/2024,LinkedIn,AU,Text,11427,363,,1693.18,10,,,top performer,social
,,6/1/2024,Google Ads,PH,Image,8443,223,171.19,,,4.43%,571.24,,email
,,8/31/2024,  TikTok,CA,Text,30378,78,,44.39,14,4.58%,147.74,top performer,email
,Camp025,11/12/2024, FACEBOOK ,UK,Image,"9,533",89,68.2,,15,0.67%,217.63,needs review,social
CAMP001,,13-Jan-24, GOOGLE ADS , IN ,Image,25757,172,146.22,,17,1.76%,,ðŸš€,email
CAMP011,Camp011,11/9/2024,Linkedin,DE,Carousel,10166,103,320.62,,3,4.11%,,  trailing spaces  ,email
,Camp018,7/6/2024,TikTok,AU,Image,16387,388,198.47,,27,0.40%,1337.28,needs review,social
CAMP025,,6/29/2024,  TikTok,United States,Image,6861,236,156.5,,22,,681.15,needs review,cpc
CAMP002,,1/5/2024,Facebook,IN, Img ,54062,1658,1098.85,,179,5.59%,3930.01,,social
CAMP006,,4/20/2024,Google Ads,PH,Image,13840,257,,201.02,46,4.87%,1438.53,needs review,email
CAMP014,Camp014,9-Sep-24, GOOGLE ADS , AU ,video,13124,48,32.86,,8,2.03%,,top performer,cpc
CAMP012,,12-May-24,Linkedin, AU ,Text,4707,121,488.14,,23,,3362.4,,email
CAMP010,,8/11/2024, GOOGLE ADS ,usa,Video,28580,748,,806.89,121,4.41%,,,referral
,,6/22/2024,Instagraam, AU ,Text,61844,2155,1940.94,,395,0.74%,,,cpc
,,2/9/2024,Linkedin,de,Video,"23,024",1032,4727.17,,,0.35%,,,email
,,9/28/2024, GOOGLE ADS ,United States,Carousel,9451,230,,147.92,42,0.29%,,,cpc
,Camp027,16-10-2024,FACEBOOK,United States,txt,16270,364,343.13,,,3.68%,,,
,Camp007,6/2/2024,Instagraam,UK,Text,16934,334,183.27,,36,0.52%,,,email
,,12/28/2024, LinkedIn ,United States,Video,10087,131,374.05,,6,5.54%,,,cpc
CAMP029,,11/4/2024,TikTok, US ,Image,6355,149,,78.46,19,1.45%,424.04,,email
,,30-Jul-24,FACEBOOK, AU ,Video,11927,255,,138.71,42,,648.53,,social
CAMP008,Camp008,6/28/2024,TikTok,de,Carousel,28086,512,,352.1,56,,,top performer,cpc
CAMP009,,10/16/2024,LinkedIn,CA,Video,2791,66,274.49,,,2.17%,,ðŸš€,social
,,5/22/2024,Google ads,FR,video,2784,41,,50.15,6,1.79%,,,social
CAMP023,,31-Mar-24, Instagraam ,CA,image,4078,43,26.34,,3,3.98%,,needs review,cpc
CAMP017,,20-Apr-24,  TikTok,PH,Video,6935,169,109.34,,14,1.11%,,ðŸš€,email
CAMP014,,7/27/2024, Google Ads ,United States,Image,3066,57,60.46,,8,2.29%,,,cpc
CAMP030,,8/17/2024,facebook,in ,image,5814,50,,28.9,4,5.72%,146.37,  trailing spaces  ,cpc
CAMP021,Camp021,4/7/2024, Facebook ,DE,txt,21508,69,,55.43,12,5.69%,,top performer,social
,,7/15/2024,facebook,PH,video,121154,2246,1494.16,,188,0.87%,5497.61,,referral
,Camp007,5/17/2024,Instagram,UK,Carousel,4040,36,21.11,,1,,,,email
,Camp026,11/24/2024,TikTok, AU ,Carousel,613,13,5.15,,1,4.67%,,top performer,email
CAMP019,,6/25/2024,facebook,CA,video,5744,184,178.71,,13,0.27%,,top performer,referral
CAMP028,,3/26/2024, facebook ,DE,Carousel ,5564,13,,10.62,1,5.63%,62.79,,email
CAMP020,,10/3/2024,Google Ads,CA,Carousel,10663,238,259.55,,27,1.50%,,top performer,cpc
,,10/25/2024,  TikTok,PH,Image,13508,371,10509,,,3.53%,,top performer,cpc
CAMP003,Camp003,10/9/2024, LinkedIn ,de,Text,13572,389,,1463.32,58,1.31%,,ðŸš€,cpc
CAMP006,,11/6/2024,Facebook,FR,Carousel,5455,116,88.41,,7,1.54%,,,cpc
,Camp016,14-03-2024, Facebook ,IN,Image,6499,N/A,0,,0,3.32%,,ðŸš€,referral
CAMP026,,3/1/2024,TikTok, U S ,Text,3072,55,,37.83,9,3.93%,,,cpc
CAMP004,,17-05-2024,Google ads,US,Carousel,2425,84,,69.51,12,1.60%,,,referral
CAMP026,,11/13/2024,TikTok,PH,Image,16806,579,277.06,,70,1.75%,,,cpc
CAMP013,,11/1/2024,FACEBOOK,UK,Video,22875,534,,414.18,22,4.19%,,,email
,,1/8/2024,TikTok, U S ,Carousel,15843,176,,63.04,8,2.22%,,,referral
CAMP017,,7/7/2024,Instagram,US,Carousel,5048,N/A,0,,0,2.28%,,ðŸš€,social
CAMP019,,12/21/2024, Google Ads ,DE,Video,31647,559,670.67,,68,,1937.33,,cpc
,,6/25/2024,Google Ads,IN,Carousel,10285,272,308,,53,3.87%,,top performer,referral
CAMP017,,1/13/2024,  TikTok,DE,Carousel,5888,149,93.84,,11,1.37%,405.55,needs review,cpc
,,3/29/2024,LinkedIn,in ,Video,11903,129,,617.07,24,4.30%,653.51,,cpc
CAMP024,Camp024,20-05-2024,Facebook,de,Image,27664,351,,293.44,67,0.94%,,,social
CAMP022,,3/16/2024,Facebook, PH ,VIDEO,16290,163,153.99,,5,0.44%,,needs review,cpc
,,11/16/2024,Facebook,IN,Video,2770,59,49.04,,4,,,  trailing spaces  ,email
,,12-Aug-24, GOOGLE ADS ,FR,Video,15238,257,187.01,,27,1.04%,,,cpc
CAMP026,,1/5/2024, Google Ads , P.H. ,Text,17983,76,74.88,,3,2.58%,570.6,ðŸš€,
,,8-Sep-24,Instagram,PH,VIDEO,2015,24,21.26,,0,4.00%,,top performer,email
,,10/19/2024,Google Ads, AU , Img ,4698,132,134.21,,,,,top performer,email
CAMP023,,21-07-2024,  TikTok,IN,txt,1109,16,,6.12,1,5.52%,,,email
,,3/10/2024, Instagram , IN ,Video,7847,49,29.95,,4,1.48%,,  trailing spaces  ,cpc
CAMP013,,7/15/2024,google ads,UK, Img ,2822,74,63.89,,,1.78%,,top performer,cpc
CAMP022,,3/12/2024,Instagraam,FR,Image,6394,6,4.81,,1,0.61%,,needs review,cpc
CAMP021,,12/7/2024, Linkedin ,france,VIDEO,11169,212,,1119.28,13,,,,
,Camp006,2/2/2024,Linkedin,AU,Text,6605,146,419.13,,7,,2762.83,top performer,cpc
,Camp013,1/20/2024,Facebook, AU ,Image,7004,144,,83.49,20,3.12%,,top performer,cpc
CAMP005,,8/4/2024,TikTok,IN,video,11543,465,250.38,,32,4.83%,,ðŸš€,email
CAMP003,,19-04-2024,Instagraam,United States,Carousel,3386,86,61.36,,2,4.79%,,  trailing spaces  ,email
CAMP008,,8/19/2024,Instagram,FR,Image,18496,526,427.54,,97,,2466.7,,referral
CAMP012,,5/21/2024,Linkedin,AU,VIDEO,"1,826",26,,124.92,0,0.99%,,  trailing spaces  ,cpc
CAMP004,,6/25/2024, Facebook ,CA,Video,4244,78,58.55,,12,2.59%,360.58,  trailing spaces  ,referral
CAMP020,,8/4/2024,Google Ads,US,Video,1633,41,35.98,,2,2.05%,,,social
CAMP014,,11/2/2024, Instagram ,CA,txt,6633,117,74.02,,12,3.84%,,,referral
,,12/23/2024,Google Ads,FR,Carousel,17678,17,17.78,,3,3.02%,,needs review,social
CAMP028,,9/1/2024,Instagram,in ,Video,4947,58,32.73,,2,2.07%,,,cpc
CAMP014,,24-May-24, Facebook ,AU,Text,8351,N/A,,0,0,2.48%,0,top performer,email
,Camp006,6/29/2024, LinkedIn ,AU,Carousel,5270,N/A,,0,0,3.19%,0,,referral
,,3/25/2024, LinkedIn ,in ,Video,4623,107,515.35,,3,4.50%,,,cpc
CAMP007,,4/20/2024,Instagram,PH,image,8384,168,84.6,,33,,,top performer,cpc
CAMP003,Camp003,3/23/2024,Google Ads,US,Image,14225,116,139.16,,14,5.74%,,needs review,social
CAMP008,,10/24/2024,Google Ads,DE,Video,4223,39,,38.57,4,0.96%,,,
CAMP018,,12/4/2024,Facebook,FR, Img ,"9,979",312,302.16,,40,4.75%,587.19,top performer,referral
CAMP028,,9/23/2024, TikTok ,US,Carousel,7532,118,,78.03,,,,ðŸš€,referral
CAMP008,,2/4/2024, Google Ads ,de,Image,32864,733,519.8,,138,1.67%,,,email
,Camp006,6/29/2024, LinkedIn ,AU,Carousel,5270,N/A,,0,0,3.19%,0,,referral
,,9/24/2024, Google Ads ,FR,Text,"6,741",55,63.64,,4,4.15%,,needs review,email
CAMP023,,1/25/2024,LinkedIn,usa,Carousel,5834,109,308.04,,8,0.75%,,needs review,cpc
CAMP021,Camp021,5/11/2024,  TikTok,FR,Video,12019,38,,21.91,,,,,cpc
CAMP022,,7/5/2024,FACEBOOK, U S ,Text,24043,483,296.52,,94,,,  trailing spaces  ,
,Camp026,4/14/2024, TikTok ,IN, Img ,"1,936",39,18.03,,2,3.90%,,needs review,referral
CAMP012,Camp012,4/4/2024, TikTok ,DE,Video,9821,48,28.74,,2,0.95%,,,email
CAMP021,Camp021,4/28/2024,Linkedin,CA,Video,48420,800,3917.79,,,1.31%,,,cpc
CAMP027,,11/6/2024,Linkedin,PH,Image,15850,682,3235.75,,71,,,top performer,cpc
CAMP003,Camp003,12/17/2024, LinkedIn ,DE,Carousel,30342,1045,5388.59,,26,3.05%,,,social
CAMP007,Camp007,10/17/2024,Facebook,in ,Video,9227,N/A,0,,0,0.43%,,needs review,email
,,8/2/2024,Google Ads, US , Img ,11316,217,162.55,,36,4.81%,,ðŸš€,email
,,6/11/2024,  GOOGLE ADS  ,UK,Text,13818,518,542.14,,51,2.61%,,,referral
,,2/2/2024,Instagraam,DE,Video,7171,91,52.52,,,2.40%,,,
CAMP009,,1/25/2024,Instagram, UK ,Carousel,4900,90,57.39,,5,4.53%,,ðŸš€,email
CAMP004,,7/10/2024, GOOGLE ADS , IN ,Image,6700,65,80.57,,,5.46%,,,referral
CAMP029,,8/13/2024,Facebook,UK,Text,29573,160,,134.8,19,3.59%,,needs review,cpc
,,9/29/2024,Google Ads,P.H.,Image,14008,422,,435.17,70,2.36%,,ðŸš€,
CAMP027,,2/27/2024,  TikTok,FR,Image,41218,396,221.5,,77,2.74%,,,social
,,5/8/2024, LinkedIn ,de,Text,6105,191,987.74,,12,3.49%,,ðŸš€,social
CAMP026,Camp026,1/4/2024,  TikTok, de ,Video,6500,108,,49.64,11,0.52%,,ðŸš€,email
,,12/30/2024, FACEBOOK ,DE,Video,"3,915",157,146.19,,25,3.49%,,,cpc
,,1/6/2024,Google ads,CA,Text,10315,74,53.5,,13,2.42%,88.47,,social
CAMP025,,8/5/2024, Instagraam ,US,Text,3099,94,58.9,,14,5.34%,,,
CAMP013,,10/17/2024, LinkedIn ,AU,Video,29045,388,,1143.97,43,5.66%,2865.58,top performer,referral
CAMP008,,12/25/2024,google ads,P.H., Img ,6979,179,185.61,,4,,1212.95,top performer,cpc
CAMP006,,2/5/2024,Google Ads, DE ,VIDEO,10993,-89,0,,0,4.24%,0,  trailing spaces  ,referral
CAMP026,Camp026,11/6/2024,Google Ads,UK,Carousel,13054,102,84.01,,5,2.58%,,,cpc
,,13-Jan-24,Instagraam,IN,Carousel ,3564,N/A,,0,0,1.70%,,,cpc
CAMP023,,5/31/2024,TikTok,france,Text,8003,180,121.24,,18,3.13%,264,needs review,social
CAMP014,,1/26/2024,TikTok, UK ,Video,5527,89,,48.68,,3.86%,,top performer,email
,,9/17/2024,LinkedIn,US,Carousel,8667,218,,956.77,5,,,ðŸš€,cpc
CAMP014,Camp014,9/13/2024,Instagram,PH,Video,2645,37,,31.12,6,1.91%,,needs review,email
,,3/26/2024,Instagram, PH ,Carousel,3891,65,49.62,,9,5.57%,,ðŸš€,email
CAMP029,,12/18/2024,   TikTok , AU ,Carousel,9620,258,166.4,,31,4.48%,,top performer,referral
,,8/4/2024,TikTok,UK,Video,11002,278,98.61,,10,1.49%,,ðŸš€,cpc
CAMP025,,3/18/2024, Google Ads , FR ,VIDEO,2051,21,23.87,,2,5.21%,66.81,top performer,email
CAMP007,Camp007,5/4/2024,Facebook,DE,image,5788,-130,0,,0,5.20%,,,referral
CAMP016,Camp016,6/24/2024,TikTok, U S ,Image,10590,176,,101.57,15,3.02%,,,email
CAMP004,Camp004,20-09-2024, google ads ,AU,image,"10,963",333,337.39,,31,,,top performer,cpc
CAMP016,Camp016,5/13/2024,Facebook,CA,Text,34549,405,223.21,,27,5.98%,,ðŸš€,social
CAMP013,Camp013,26-01-2024,Instagraam, U S ,video,32184,78,39.57,,12,4.04%,,top performer,email
,,4/3/2024,TikTok,AU,VIDEO,22406,149,82.06,,,1.13%,,,cpc
,,7/12/2024,FACEBOOK,usa,txt,9990,191,148.04,,12,,823.49,top performer,email
CAMP024,,7/3/2024,google ads, DE ,image,1410,N/A,0,,,4.07%,0,needs review,cpc
CAMP007,,20-08-2024,Instagraam,UK,image,3184,57,41.26,,8,,,needs review,email
,,14-08-2024,LinkedIn,IN,Text,14014,362,,1399.2,29,2.41%,,needs review,cpc
CAMP022,,3/14/2024,   TikTok ,CA,Video,1529,12,5.16,,0,1.47%,31.69,top performer,cpc
,,21-Apr-24,Instagraam,france, Img ,13400,284,180.55,,18,,,top performer,social
CAMP001,,6/6/2024,TikTok,usa,Video,21523,545,,355.31,100,1.68%,,needs review,cpc
,,16-Feb-24,LinkedIn, U S ,Text,6494,85,363.6,,13,1.33%,,,cpc
,,6/20/2024,Instagram, DE ,Text,19604,543,278.61,,97,0.23%,,ðŸš€,email
,Camp030,11/10/2024, Instagram ,UK,Text,9393,117,63.85,,8,3.88%,,,cpc
CAMP029,,11/8/2024,Google Ads,CA,Video,14302,209,253.03,,20,,,top performer,social
CAMP009,,3/5/2024,TikTok,FR,Carousel,7366,232,93.05,,44,1.70%,,,email
CAMP002,Camp002,5/18/2024,FACEBOOK,FR,Carousel ,19020,19,10.21,,2,5.83%,33.68,,email
,,7/16/2024,Google Ads,de,Carousel ,"27,122",285,199.6,,45,0.35%,305.99,ðŸš€,social
CAMP001,,13-Jan-24, GOOGLE ADS , IN ,Image,25757,172,146.22,,17,1.76%,,ðŸš€,email
,,12/29/2024,   TikTok ,IN,Carousel,10658,302,180.44,,44,1.27%,887.01,,email
CAMP014,,12/6/2024, Instagram ,AU,image,7666,203,100.48,,31,,,,referral
CAMP004,,1/4/2024, Google ads ,DE,Carousel,15595,80,72.39,,10,4.05%,,top performer,cpc
,,11/16/2024,Linkedin,FR,Video,21128,374,1537.6,,41,4.22%,11864.35,,cpc
CAMP003,,6/1/2024,google ads,DE,Text,"34,948",792,,688.95,,4.86%,4454.46,needs review,cpc
CAMP030,,4/8/2024,Instagram,IN,Text,3758,64,52.92,,4,2.38%,160.03,top performer,cpc
CAMP020,,10-Oct-24, GOOGLE ADS ,US,Carousel,12044,295,331.69,,17,3.70%,,  trailing spaces  ,referral
CAMP026,,7/7/2024,Instagram,US,Video,2432600,47400,39953.73,,2187,5.76%,,,referral
,,3/23/2024,TikTok,in ,txt,"16,177",410,175.32,,72,3.26%,,,email
CAMP027,,8-Dec-24,FACEBOOK,United States, Img ,10727,256,226.08,,31,2.51%,,top performer,referral
CAMP006,,6/9/2024,TikTok,AU,Text,4901,54,35.46,,1,1.72%,,,social
CAMP029,,6/2/2024,LinkedIn,usa,Image,34494,518,79137.21,,46,,508245.32,,social
CAMP017,,3/8/2024,Google Ads,UK,Video,5911,181,117.79,,17,5.85%,221.56,ðŸš€,cpc
CAMP014,,12/10/2024,Instagram,CA,Carousel,15579,N/A,0,,0,2.96%,,,email
CAMP013,,12/29/2024,  TikTok,CA,Image,30334,932,392.14,,79,0.61%,,,social
CAMP015,,8/1/2024,LinkedIn,IN,Text,20372,358,1125.95,,,5.29%,,needs review,cpc
,,10/17/2024,Instagram,PH,Video,6173,117,68.94,,16,5.99%,,,social
CAMP029,,20-Jun-24, FACEBOOK ,IN,Image,6738,91,45.41,,6,1.20%,,  trailing spaces  ,cpc
,,11/9/2024,Google Ads,PH,Video,7808,97,,117.53,2,1.85%,,,social
CAMP023,,9/1/2024, Google Ads ,in ,VIDEO,6504,225,182.68,,,2.25%,,,cpc
CAMP028,Camp028,7/7/2024,facebook,P.H.,Carousel,11605,278,,183.89,37,0.69%,,top performer,cpc
CAMP003,,4/2/2024,LinkedIn,UK,Image,2588,52,257.25,,,5.88%,2002.03,top performer,email
,,3/6/2024,Google ads,FR,Image,15025,138,,127.86,17,,235.66,needs review,
,,12/30/2024,Google Ads, UK , Img ,20673,-763,0,,0,,0,  trailing spaces  ,email
,,28-02-2024,TikTok,US,txt,"12,738",56,,25.19,2,1.43%,,top performer,email
,,3/6/2024,Instagraam,usa,Carousel,21976,333,,233.33,25,3.80%,,top performer,cpc
,,1/27/2024,Instagram,AU,image,14440,540,453.87,,26,2.87%,,,social
CAMP020,,8/4/2024,Google Ads,US,Video,1633,41,35.98,,2,2.05%,,,social
CAMP023,,2/11/2024,Instagraam,IN,Image,72211,1420,1264.22,,,5.47%,4360.24,top performer,social
CAMP027,,9/29/2024, Instagraam ,US,Image,9481,75,42.59,,10,4.22%,294.8,top performer,social
CAMP020,,2/16/2024,Instagram,usa,txt,1735,31,25.83,,5,0.46%,,,referral
,,3/14/2024,facebook,United States,Text,16977,332,312.88,,47,3.18%,,needs review,email
CAMP006,,4/7/2024, Instagraam ,UK,Text,34365,623,434.09,,50,5.34%,,,referral
CAMP011,,7/29/2024,LinkedIn,CA, Img ,710200,N/A,,0,0,1.58%,0,,cpc
,Camp024,10/1/2024,Facebook, AU , Img ,2874,60,53.05,,,4.55%,,needs review,email
CAMP018,,5/7/2024,LinkedIn,DE,Carousel,15063,371,1634.35,,,4.69%,11362.25,top performer,email
CAMP008,,4/27/2024,facebook,AU,Carousel ,35514,789,641.54,,154,3.52%,,top performer,cpc
CAMP001,,10/12/2024,Google ads,US,Video,2645,42,,33.47,2,2.01%,134.21,,cpc
CAMP020,,16-02-2024,  TikTok,DE,Video,5873,138,61.88,,5,0.58%,,,cpc
,,19-Dec-24,Instagram,FR,Carousel ,39002,1346,690.99,,78,0.74%,,,
CAMP007,,3/4/2024,LinkedIn,DE,Text,7294,108,,400.46,10,2.13%,,  trailing spaces  ,cpc
,Camp003,5/12/2024,google ads,CA,image,10130,140,160.02,,20,2.71%,1077.31,,cpc
,,1/19/2024,Google ads,FR,VIDEO,5645,114,139.08,,17,4.68%,,needs review,cpc
CAMP008,,6-Jan-24,google ads,FR,Carousel,11118,368,244.39,,11,1.85%,972.76,top performer,cpc
,,7/6/2024, TikTok ,CA,Carousel,13775,125,53,,5,5.19%,,,
,,12/19/2024,LinkedIn,AU,Video,26476,N/A,0,,0,5.65%,0,  trailing spaces  ,social
CAMP027,,10/27/2024,Instagraam,de,txt,22489,315,179.82,,52,,,,social
CAMP008,,4/1/2024, GOOGLE ADS ,PH,Image,5827,25,21.47,,0,1.99%,,,cpc
,,8/6/2024,TikTok,US,Carousel,48356,1765,,887.82,288,2.30%,,needs review,email
,,4/8/2024,facebook, AU ,Text,13077,417,318.15,,59,,516.16,,social
CAMP006,,8/5/2024, facebook ,IN,image,"74,215",1646,,865.59,167,2.06%,4376.3,,email
CAMP016,,28-Jul-24, LinkedIn ,US,image,11360,305,1268.64,,,4.69%,2645.1,,social
CAMP012,,10/6/2024, Facebook ,de,Carousel,5081,70,,52.58,2,2.97%,235.79,,social
CAMP030,,4/6/2024,  GOOGLE ADS  ,US,VIDEO,10662,170,178.28,,31,4.37%,,ðŸš€,cpc
,,11/4/2024,Google Ads,FR,Image,4605,160,,141.33,19,,,ðŸš€,social
,,7/29/2024, GOOGLE ADS , FR ,image,4816,122,96.06,,13,4.41%,,,cpc
,,2/7/2024,Instagram,UK,Text,46432,141,,118.88,,2.83%,,,cpc
CAMP019,,8/17/2024,Instagram,FR, Img ,11953,N/A,0,,0,3.34%,0,top performer,email
CAMP001,,5/2/2024,Instagram,DE,Image,20460,321,157.8,,,0.47%,,top performer,email
,Camp020,2/10/2024,LinkedIn,US,Text,8044,222,826.15,,23,3.49%,,needs review,email
,Camp018,3/11/2024,TikTok,CA,Carousel,3277,14,6.57,,2,,41.36,needs review,cpc
CAMP012,,3/18/2024,Linkedin, UK ,Image,10832,234,1281,,9,0.29%,,,
,,28-09-2024,Google Ads,france,Text,26093,N/A,0,,,3.56%,,top performer,social
CAMP017,,7/19/2024,FACEBOOK,DE, Img ,3670,80,50.16,,5,4.31%,,,email
CAMP002,,25-09-2024, Google ads ,FR,Carousel,5368,63,74.8,,3,1.13%,,,email
CAMP016,,6/26/2024,TikTok,P.H.,Carousel,5488,135,84.92,,22,2.50%,,,cpc
,,19-Dec-24,Instagram,FR,Carousel ,39002,1346,690.99,,78,0.74%,,,
CAMP023,,11/9/2024,Google Ads, FR ,image,2262,-62,0,,,,,needs review,cpc
,,1/25/2024,TikTok,PH,Image,4764,67,,33.09,13,1.64%,,top performer,cpc
,,4/3/2024,LinkedIn,france,Carousel ,18575,18,,52.87,2,2.09%,,top performer,email
,,3/15/2024, Instagram ,CA,Image,8790,217,,174.45,25,2.73%,873.6,needs review,referral
,,15-02-2024,Facebook,CA,Text,8618,95,54.29,,10,,245.01,,cpc
CAMP030,,4/6/2024,  GOOGLE ADS  ,US,VIDEO,10662,170,178.28,,31,4.37%,,ðŸš€,cpc
,,2/17/2024,TikTok,PH,Video,785300,23053,15933.65,,2082,5.39%,,ðŸš€,
CAMP003,,3/1/2024, Facebook ,  U S  ,Carousel,20757,-159,,0,0,2.63%,,,cpc
CAMP015,,2/19/2024,Linkedin, FR ,Image,1211,27,,103.27,,4.54%,,,social
CAMP015,,3/6/2024,Google Ads,PH,Carousel,6951,146,,157.53,5,0.88%,,,social
CAMP008,,10/13/2024, facebook , U S ,Carousel ,10406,182,141.3,,24,,,needs review,email
CAMP003,,4/10/2024,Google Ads,US,Carousel,4896,140,139.07,,,3.45%,1071.26,needs review,email
,,3/25/2024,Facebook,IN,Carousel ,4409,109,77.67,,2,1.16%,272.22,needs review,email
,Camp002,5/24/2024, GOOGLE ADS ,FR, Img ,5739,162,,142.74,27,0.67%,,,email
,,5/4/2024,  TikTok,FR,Text,"5,812",11,,6.12,2,4.24%,,,email
CAMP003,Camp003,6/8/2024,TikTok,CA,video,"5,639",179,123.97,,31,0.43%,,,cpc
,,10/1/2024,Google Ads,IN,Text,26255,334,373.52,,55,3.31%,,top performer,social
CAMP016,,10/28/2024,Instagram,AU,Video,2912,125,56.92,,10,3.04%,330.67,needs review,social
CAMP005,,5/3/2024,Instagram,US,Image,17683,56,46.39,,2,4.23%,,,social
CAMP004,,8-Jan-24,Google ads, AU ,Carousel ,27379,532,638.95,,70,,4332.32,,referral
,,17-06-2024,Google Ads,FR, Img ,24877,730,545,,26,2.31%,,,cpc
CAMP017,,1/13/2024,  TikTok,DE,Carousel,5888,149,93.84,,11,1.37%,405.55,needs review,cpc
CAMP002,,1-Dec-24, GOOGLE ADS ,PH,Carousel,8401,220,,199.14,34,2.46%,,,cpc
CAMP026,,24-Mar-24,Instagraam,FR,video,38063,N/A,0,,0,4.59%,0,,referral
CAMP026,,11/28/2024,Instagram,france,image,9197,123,71.47,,24,5.84%,,needs review,email
CAMP020,,6/3/2024,Instagram,FR,Carousel,10888,153,112.92,,14,,854.59,needs review,cpc
CAMP022,Camp022,4/25/2024,LinkedIn,de,Video,5111,141,736.67,,24,1.18%,1678.31,  trailing spaces  ,referral
,,3/25/2024,facebook,FR,Image,32617,380,,229.68,15,4.66%,,needs review,referral
CAMP005,Camp005,11/9/2024,LinkedIn,usa,Carousel,16750,435,2193.64,,21,1.50%,,ðŸš€,email
,,29-08-2024,google ads,IN,Carousel,"3,222",92,60.9,,12,2.02%,,,social
CAMP024,,3/1/2024,LinkedIn,usa,Text,13698,417,,1694.24,10,2.57%,,,email
CAMP003,,3/15/2024,Linkedin,United States,Text,5814,94,362.81,,2,,985.21,,social
CAMP010,,10/10/2024, GOOGLE ADS ,IN,Image,7974,174,184.67,,31,5.68%,550.9,,cpc
CAMP018,,10/20/2024, LinkedIn ,US,Carousel ,2844,37,112.45,,3,4.60%,,,email
CAMP007,Camp007,10/30/2024,TikTok,usa,Carousel,22266,793,435.86,,129,,,,social
CAMP007,,7/7/2024,TikTok,FR,Image,30333,495,,214.58,24,,,,social
,Camp021,10/29/2024,  TikTok,in , Img ,16634,445,244.68,,56,2.57%,509.83,needs review,cpc
CAMP017,,9/28/2024,FACEBOOK,AU,Text,8769,152,,93.34,18,1.18%,,ðŸš€,social
CAMP001,,4/22/2024,Instagraam,DE,Text,11568,292,222.21,,57,2.19%,1244.12,,cpc
CAMP005,,7/9/2024, facebook ,FR,Carousel ,13634,125,72.66,,,0.31%,,top performer,referral
,,8/5/2024,facebook,US,Carousel,4027,49,,29.16,3,4.01%,,,referral
CAMP009,,1/28/2024,   TikTok ,UK,Video,1951,47,,29.98,3,,191.25,,social
CAMP006,Camp006,11/30/2024,TikTok, PH ,Video,23816,684,,401.98,129,5.48%,2172.36,,email
CAMP022,,3/24/2024, GOOGLE ADS ,FR,Carousel,10143,184,152.19,,8,5.67%,,top performer,cpc
CAMP003,,11/7/2024,Facebook,UK,Video,"12,084",55,51.48,,3,3.46%,337.63,,
CAMP008,Camp008,7/1/2024,Linkedin,PH,Carousel,8117,334,,1065.26,12,,,,email
CAMP028,,16-10-2024,Google Ads,US,Text,16634,559,,607.56,,2.08%,,,cpc
CAMP024,,6/7/2024,Linkedin,DE,Text,2366,65,,243.15,6,2.65%,1428.4,,cpc
,,9/18/2024,Facebook, FR , Img ,20773,N/A,0,,0,2.03%,,needs review,cpc
CAMP010,Camp010,2/24/2024,LinkedIn,UK,VIDEO,1244,23,,107.43,3,4.81%,589.75,top performer,cpc
,,9/3/2024,facebook,CA,Carousel,11434,337,276.44,,35,4.37%,,  trailing spaces  ,email
CAMP027,,29-09-2024,TikTok,FR,Video,9057,119,56,,9,3.62%,,ðŸš€,email
CAMP005,,8/11/2024, FACEBOOK ,US,Video,9611,181,,163.82,,3.15%,,top performer,email
CAMP022,,9/6/2024,Facebook,FR,Video,47142,497,,349.4,18,2.59%,,needs review,referral
CAMP003,Camp003,7/4/2024,Instagram,in ,Video,10358,190,139.54,,18,3.28%,,top performer,cpc
,,6/11/2024,Linkedin,france,video,2602,73,308.21,,7,1.22%,,,cpc
CAMP022,,2/25/2024,Facebook,FR,Carousel,3066,46,23.3,,,,,top performer,social
,,31-Jan-24,Instagram,UK,Video,9692,261,,187.21,35,3.50%,,,social
,,7/2/2024,Facebook,usa,VIDEO,3473,82,40.85,,14,4.93%,138.67,top performer,cpc
,,1/12/2024,google ads,AU,Image,7717,189,,150.38,13,3.48%,,,social
,Camp009,3/2/2024,TikTok, U S , Img ,2619,48,19.5,,1,5.50%,,top performer,cpc
CAMP023,,31-Mar-24, Instagraam ,CA,image,4078,43,26.34,,3,3.98%,,needs review,cpc
CAMP006,,3/2/2024,Facebook,United States,image,4388,92,90.11,,10,4.57%,618,needs review,cpc
,Camp022,7/1/2024,FACEBOOK,FR,Video,11988,337,284.7,,20,2.44%,,,cpc
CAMP016,,10/3/2024,Instagram, AU ,Carousel,249500,4034,2963.23,,599,2.60%,,,email
,Camp027,12/22/2024,Instagraam,DE,video,15491,169,,101.04,12,2.58%,,,social
CAMP011,,25-Aug-24,google ads,CA,Video,26093,742,,45919.7,134,,,top performer,referral
CAMP016,,4/2/2024,FACEBOOK,PH,video,25111,546,465.06,,35,5.93%,,,cpc
,Camp018,8/9/2024,LinkedIn, DE ,Carousel,56700,893,2684.29,,29,,,ðŸš€,cpc
,,9/8/2024,TikTok,DE,Image,3078,15,9.48,,2,4.40%,20.25,,cpc
CAMP005,,25-11-2024,Google Ads,PH, Img ,12695,133,127.7,,13,0.86%,,,referral
,Camp018,8/9/2024,LinkedIn, DE ,Carousel,56700,893,2684.29,,29,,,ðŸš€,cpc
,,2/24/2024,LinkedIn,AU,Video,16883,513,1809.49,,95,4.47%,,needs review,cpc
CAMP019,Camp019,7/15/2024,TikTok,FR,Carousel,"9,318",10,5.7,,1,2.69%,,needs review,referral
CAMP003,,7/23/2024,Google ads,CA,Carousel,"6,232",105,69.13,,6,3.62%,,needs review,cpc
CAMP023,Camp023,29-Dec-24,LinkedIn, AU ,Carousel,18548,256,817.39,,22,3.76%,,top performer,cpc
,,12/30/2024,TikTok,in ,Image,26346,1146,557.52,,26,4.24%,,,cpc
,Camp006,25-Jun-24, Google Ads ,AU, Img ,3801,50,38.44,,4,3.54%,,needs review,social
CAMP005,Camp005,10/2/2024,  TikTok,PH,VIDEO,3001,11,,4.63,1,4.92%,,top performer,referral
,,1/5/2024, Instagram ,CA,Text,13206,232,210.96,,12,,,,referral
CAMP005,,7-Jun-24,TikTok,CA,Video,7466,181,,117.25,,5.55%,881.74,,cpc
CAMP006,,3/14/2024,Facebook,DE,Carousel,7787,142,126.48,,23,0.96%,,needs review,email
CAMP005,Camp005,12/29/2024,Facebook,DE,Image,"60,140",887,,657,53,0.21%,,,social
,,6/6/2024,Google Ads,US,video,23112,411,278.43,,18,1.49%,971.38,,cpc
CAMP024,,3/1/2024,LinkedIn,usa,Text,13698,417,,1694.24,10,2.57%,,,email
CAMP012,,10/19/2024,Facebook, AU ,Carousel,4673,152,82.43,,19,5.15%,,needs review,social
,Camp013,11/27/2024,TikTok,DE,Carousel ,141436,N/A,0,,0,0.43%,,needs review,cpc
CAMP009,,3/6/2024,FACEBOOK,P.H.,Image,6367,23,,15.44,2,,,needs review,email
CAMP025,,10/24/2024,Instagram,US,Video,10016,144,87.32,,,5.51%,,top performer,cpc
,,5/12/2024,facebook,CA,Image,91216,2071,1183.86,,154,0.91%,,,cpc
CAMP016,Camp016,1/16/2024,Instagram,IN,Video,6179,226,103.83,,31,2.74%,,,email
CAMP007,,4/16/2024,Linkedin,PH,txt,12872,154,790.46,,22,4.63%,,,email
,Camp023,24-Jan-24,Instagram,UK,Video,"5,524",243,143.18,,40,,,,cpc
CAMP021,Camp021,3/23/2024,Linkedin,de,Image,11387,262,1378.98,,15,2.41%,,,cpc
CAMP007,,2/19/2024,Facebook,in ,Image,2529,33,19.64,,2,2.34%,,needs review,referral
CAMP009,,4/13/2024,Facebook,in ,Image,16193,201,151.57,,36,1.09%,,needs review,email
,,12/7/2024,Google Ads, AU ,Carousel ,84489,1794,,1982.72,350,2.20%,,,cpc
CAMP006,,19-Sep-24, Google Ads ,US,Image,26192,668,516.45,,28,,,top performer,email
CAMP013,Camp013,5/27/2024,Facebook,PH,Image,21897,460,415.85,,51,3.24%,3318.05,,email
,,8/6/2024,TikTok,US,Carousel,48356,1765,,887.82,288,2.30%,,needs review,email
CAMP021,,7/1/2024,Facebook,UK,Text,"13,645",278,245.51,,20,2.37%,,,email
,Camp010,12/10/2024,   TikTok ,United States,image,7596,99,66.95,,4,0.61%,,needs review,referral
CAMP011,,1/24/2024,LinkedIn,US,Carousel,5410,112,405.5,,12,5.83%,2095.98,ðŸš€,email
CAMP021,,8/2/2024,Instagram, AU ,Carousel ,3451,81,46.83,,8,3.91%,176.9,,social
CAMP021,Camp021,1/18/2024,Google Ads,PH,Carousel ,22357,43,,49.36,3,1.19%,,  trailing spaces  ,social
CAMP029,,10/30/2024,FACEBOOK,AU,VIDEO,8530,8,6.99,,1,2.74%,,,email
CAMP023,,11/9/2024,Google Ads, FR ,image,2262,-62,0,,,,,needs review,cpc
CAMP003,Camp003,3/23/2024,Google Ads,US,Image,14225,116,139.16,,14,5.74%,,needs review,social
,,12/7/2024,LinkedIn,AU,Video,9736,N/A,0,,0,,0,,cpc
CAMP029,,1/21/2024, Google Ads ,DE,Video,13080,211,,227.04,20,1.66%,692.88,,social
CAMP018,Camp018,5/15/2024,Google Ads, de ,image,46420,876,688.25,,119,4.94%,,,email
,,18-May-24,Instagram,DE,Image,10551,251,,221.18,22,4.00%,,,cpc
,,10/4/2024,Facebook, PH ,Image,37185,643,406.21,,99,1.06%,,top performer,referral
CAMP006,Camp006,15-12-2024,Instagram,usa,Video,14094,392,194.96,,67,4.79%,,,email
,,12/30/2024,TikTok,france,Carousel,1872,30,,13.04,5,5.41%,,needs review,referral
CAMP023,,6/9/2024,Google ads, FR ,video,5576,5,,5.07,0,5.59%,,,
,Camp021,6/2/2024,TikTok,PH,VIDEO,"2,635",64,,23.7,10,3.99%,180,,email
,Camp028,12/6/2024,Instagram,DE,Carousel,4235,65,,44.87,3,5.95%,304.34,,cpc
,Camp006,5/4/2024,LinkedIn,CA,Image,20690,288,,847.26,6,3.05%,5526.4,needs review,email
,,8/8/2024,Facebook,PH,Video,7781,174,159.99,,32,4.22%,,needs review,cpc
CAMP018,Camp018,3/2/2024,LinkedIn, DE ,Carousel,19204,509,,1564.29,91,1.23%,,ðŸš€,social
CAMP003,,7/30/2024,LinkedIn,CA,Carousel ,19355,-238,0,,0,2.04%,,,social
CAMP011,,9/3/2024,  TikTok,UK,Image,10133,250,143.24,,6,3.46%,,ðŸš€,referral
CAMP016,,2/26/2024,Facebook,  U S  ,Image,12819,109,56.76,,20,,,top performer,email
CAMP004,,2/4/2024,Google Ads, U S ,Text,8033,138,138.7,,8,2.39%,,needs review,email
CAMP004,,8-Jan-24,Google ads, AU ,Carousel ,27379,532,638.95,,70,,4332.32,,referral
CAMP010,,7/30/2024,Facebook,UK,image,2268600,17864,,13725.25,1943,2.04%,,needs review,referral
CAMP007,Camp007,9/21/2024,Facebook,FR,Text,41457,1071,,990.67,155,2.07%,,top performer,referral
CAMP007,,10/18/2024,LinkedIn,CA,VIDEO,9337,217,,1014.95,22,,7804.91,needs review,email
CAMP015,,11/23/2024,Linkedin,United States,Carousel ,3167,95,,301.55,18,,,,cpc
,,6/1/2024,Google Ads,AU,Carousel,12630,-239,,0,0,,0,,cpc
CAMP005,Camp005,9/18/2024,Instagram,US,Image,3353,25,,15.77,1,2.99%,24.11,ðŸš€,referral
,Camp022,8/22/2024,Google Ads, AU ,Carousel ,19428,59,61.39,,,,344.53,needs review,social
CAMP009,,1/30/2024,Instagraam,DE,Text,19145,163,117.09,,20,,,,cpc
CAMP006,,5/12/2024,Instagraam,in ,Video,1238,28,14.51,,1,0.74%,,needs review,referral
CAMP010,,11/10/2024, Facebook ,United States,VIDEO,24441,69,36.17,,9,1.42%,142.07,,email
CAMP002,Camp002,1/7/2024,Instagraam,PH,Carousel,4022,101,63.23,,18,0.23%,309.78,  trailing spaces  ,cpc
CAMP028,,13-Nov-24,Linkedin,AU,Carousel,5402,N/A,0,,0,5.72%,,,email
CAMP001,,4/22/2024,Instagraam,DE,Text,11568,292,222.21,,57,2.19%,1244.12,,cpc
CAMP020,,4/27/2024, GOOGLE ADS ,PH,video,8394,147,162.09,,15,,,top performer,email
CAMP020,,1/22/2024,google ads, DE ,Carousel,16660,377,349.59,,50,4.99%,,top performer,cpc
CAMP008,,3/25/2024,Facebook,AU,Video,19107,N/A,0,,0,1.79%,,needs review,cpc
CAMP007,Camp007,5/4/2024,Facebook,DE,image,5788,-130,0,,0,5.20%,,,referral
CAMP015,,1/23/2024, Facebook ,AU,Text,16072,291,212.92,,56,4.23%,,needs review,email
,,11/10/2024,Facebook,US,Video,"9,274",99,,64.13,19,5.64%,299.92,,email
CAMP006,,19-Jul-24,  TikTok,CA,Image,116576,1122,491.93,,140,1.62%,2907.33,top performer,referral
CAMP026,,1/5/2024,facebook,US,Image,5806,12,9.12,,0,2.40%,,,email
,,15-Feb-24,facebook,  AU  ,Text,28260,784,552.96,,16,5.39%,,top performer,email
CAMP023,,30-12-2024,Facebook,AU,Image,20593,709,,350.5,123,3.48%,525.05,top performer,referral
CAMP001,,4/6/2024,Linkedin, AU ,Image,"5,216",13,45.59,,1,5.37%,,ðŸš€,email
CAMP018,,1/23/2024,LinkedIn,CA,Text,1806,26,87.96,,0,4.12%,553.62,,social
,Camp011,6-Oct-24,Facebook,UK,Image,8816,68,38.4,,4,3.08%,,needs review,cpc
CAMP015,Camp015,28-Jul-24,TikTok,PH,Video,10312,N/A,0,,0,2.96%,,ðŸš€,
,,8/20/2024,LinkedIn,PH,VIDEO,15986,222,957.75,,36,1.36%,7116.65,needs review,cpc
CAMP011,,1/24/2024,LinkedIn,US,Carousel,5410,112,405.5,,12,5.83%,2095.98,ðŸš€,email
,,15-09-2024,Instagram,in ,Video,2162,29,16.47,,0,,,ðŸš€,cpc
CAMP005,,12/22/2024, Instagraam ,UK,Image,10355,261,207.62,,52,,,ðŸš€,email
CAMP007,,7/19/2024,Instagram, U S ,Image,7035,102,82.84,,5,4.67%,116.47,ðŸš€,email
CAMP027,,12/3/2024,Google ads,United States,image,4013,110,108.11,,16,5.56%,864.42,,social
,,2/27/2024,Facebook,DE,Video,34033,244,,6709.7,27,1.41%,,needs review,email
CAMP012,Camp012,11/3/2024,Linkedin,IN,Text,16359,187,814.53,,14,1.37%,,,cpc
,,5/1/2024,FACEBOOK,PH,Video,3580,112,82.79,,12,1.38%,511.19,ðŸš€,cpc
CAMP010,,12/7/2024,LinkedIn,IN,txt,11898,265,,1015.07,8,5.67%,,,cpc
,Camp003,19-06-2024,Linkedin,UK,Video,8462,N/A,0,,0,1.67%,,ðŸš€,social
CAMP011,,10/18/2024,  TikTok,PH,Image,13836,374,154.05,,9,3.29%,,,email
CAMP027,,12/1/2024,Facebook,UK,Carousel,8194,196,125.43,,30,0.88%,,top performer,
,,5/21/2024,Google Ads,france,Image,"9,150",73,,64.97,1,,,,email
CAMP028,,4-Aug-24,Linkedin, U S ,txt,13988,376,1306.48,,70,5.15%,,,social
CAMP011,,12/20/2024,FACEBOOK,UK,Carousel ,6397,187,109.22,,,3.54%,,ðŸš€,referral
,,18-03-2024,facebook,US,Video,7056,210,,132.26,40,5.72%,447,top performer,referral
CAMP010,,2/23/2024,Google Ads,usa,video,7820,157,159.17,,10,5.27%,,needs review,cpc
CAMP003,,11/17/2024,Google ads, U S ,Carousel,46412,974,,1072.55,31,0.41%,,top performer,social
CAMP002,,6/27/2024,Instagraam, U S ,Text,8444,98,,54.92,19,1.78%,,,cpc
CAMP022,,5/18/2024, TikTok ,CA,video,8084,104,51.18,,,2.97%,191.28,ðŸš€,email
CAMP012,,11/20/2024,LinkedIn,IN,txt,4686,78,,229.38,10,,504.85,ðŸš€,email
CAMP009,,11/27/2024,google ads,FR,Video,2329,25,16.76,,0,5.91%,,,social
CAMP026,,4/4/2024,TikTok,france,Video,3650,54,28.79,,,,,,cpc
CAMP003,,9/1/2024,Facebook,FR,Text,5790,176,104.01,,10,0.34%,,  trailing spaces  ,referral
,,7/10/2024,Google Ads,US,Carousel,5475,211,,209.5,23,4.04%,860.96,,email
CAMP002,,5/8/2024,  TikTok,de,Video,"1,390,400",13464,6322.8,,995,5.20%,22798.43,,email
CAMP020,,9/25/2024,Google ads,CA, Img ,6677,77,,93.66,4,,,needs review,cpc
CAMP001,,13-10-2024,LinkedIn,AU, Img ,20486,289,,1556.7,19,,,needs review,cpc
CAMP029,,7/27/2024,Google Ads,FR,Image,13593,177,163.21,,29,,,top performer,social
,,10/8/2024,LinkedIn, AU ,Carousel,7263,161,525.7,,5,1.57%,,,social
CAMP001,,1/23/2024,TikTok,UK,Video,1097,22,11.35,,,5.73%,,needs review,
,,8/17/2024,Google Ads,DE,Text,5752,5,4.19,,0,2.62%,,,email
,,4/2/2024,Google Ads, UK ,Carousel,43034,1635,,1112.14,106,2.72%,3471.02,  trailing spaces  ,email
,,3/18/2024,Instagram,US,Video,2646,56,32.57,,10,3.54%,65.45,,social
CAMP026,,4/21/2024,Instagraam,United States,Image,8403,136,75.73,,23,,,  trailing spaces  ,cpc
CAMP007,,3/23/2024,Instagram,IN,Video,8569,155,104.55,,13,1.68%,,top performer,
CAMP024,,27-May-24, GOOGLE ADS ,US,Text,4204,152,180.49,,20,,1103.88,,email
,,12/9/2024,FACEBOOK,United States,Image,8440,244,221.89,,38,4.16%,,,email
CAMP021,Camp021,4/7/2024, Facebook ,DE,txt,21508,69,,55.43,12,5.69%,,top performer,social
CAMP020,Camp020,21-May-24,LinkedIn, U S ,VIDEO,6897,87,329.34,,3,5.99%,,,cpc
,,5/22/2024,Google ads,FR,video,2784,41,,50.15,6,1.79%,,,social
CAMP029,,10/25/2024,LinkedIn, U S ,Text,3544,77,235.76,,9,4.48%,338.13,top performer,cpc
CAMP017,,2/11/2024,Facebook,US,Carousel,25598,716,520.86,,119,5.71%,,,email
CAMP002,,11/11/2024,Google Ads,IN,Text,"3,822",10,6.83,,0,,,,email
CAMP006,,3/2/2024,Facebook,United States,image,4388,92,90.11,,10,4.57%,618,needs review,cpc
